ServiceNo,Threshold,2024-07,2024-07,2024-07,2024-07,2024-08,2024-08,2024-08,2024-08,2024-09,2024-09,2024-09,2024-09
,,Direction_1,Direction_1,Direction_2,Direction_2,Direction_1,Direction_1,Direction_2,Direction_2,Direction_1,Direction_1,Direction_2,Direction_2
,,%_Exceed,StopSeqs,%_Exceed,StopSeqs,%_Exceed,StopSeqs,%_Exceed,StopSeqs,%_Exceed,StopSeqs,%_Exceed,StopSeqs
10,10,1.35,[51],1.35,[26],1.35,[51],1.35,[26],2.7,"[50, 51]",1.35,[26]
100,10,3.51,"[20, 35]",1.85,[22],3.51,"[20, 35]",1.85,[22],5.26,"[20, 34, 35]",1.85,[22]
100A,10,,,,,,,,,,,,
101,10,2.17,[27],0.0,[],2.17,[27],0.0,[],2.17,[27],0.0,[]
102,10,0.0,[],0.0,[],1.67,[23],0.0,[],3.33,"[23, 29]",0.0,[]
102A,10,0.0,[],0.0,[],9.09,[10],0.0,[],9.09,[10],0.0,[]
102B,10,0.0,[],0.0,[],0.0,[],0.0,[],0.0,[],0.0,[]
103,10,15.0,"[23, 25, 28, 29, 31, 34]",18.18,"[30, 20, 18, 15, 14, 12, 11, 8]",17.5,"[23, 25, 26, 28, 29, 31, 34]",18.18,"[30, 20, 18, 15, 14, 12, 11, 8]",17.5,"[23, 25, 26, 28, 29, 31, 34]",15.91,"[30, 20, 18, 15, 14, 12, 11]"
105,10,1.75,[6],1.75,[51],1.75,[6],0.0,[],1.75,[6],0.0,[]
105B,10,0.0,[],0.0,[],0.0,[],0.0,[],0.0,[],0.0,[]
106,10,0.0,[],0.0,[],0.0,[],0.0,[],0.0,[],2.0,[9]
106A,10,0.0,[],0.0,[],0.0,[],0.0,[],0.0,[],0.0,[]
107,10,0.0,[],0.0,[],0.0,[],0.0,[],0.0,[],0.0,[]
107M,10,0.0,[],0.0,[],0.0,[],0.0,[],1.47,[37],0.0,[]
109,10,3.92,"[45, 46]",1.92,[6],3.92,"[45, 46]",1.92,[6],1.96,[46],1.92,[6]
10e,10,0.0,[],0.0,[],0.0,[],0.0,[],0.0,[],0.0,[]
11,10,36.0,"[5, 6, 8, 9, 12, 17, 19, 20, 21]",0.0,[],36.0,"[5, 6, 8, 9, 12, 17, 19, 20, 21]",0.0,[],36.0,"[5, 6, 8, 9, 12, 17, 19, 20, 21]",0.0,[]
110,10,0.0,[],0.0,[],0.0,[],0.0,[],0.0,[],0.0,[]
111,10,3.57,"[13, 42]",0.0,[],3.57,"[13, 42]",0.0,[],5.36,"[13, 28, 42]",0.0,[]
112,10,2.13,[25],0.0,[],0.0,[],0.0,[],0.0,[],0.0,[]
112A,10,0.0,[],0.0,[],0.0,[],0.0,[],0.0,[],0.0,[]
116,10,,,,,,,,,,,,
117,10,19.51,"[6, 8, 11, 12, 14, 17, 22, 23]",16.67,"[37, 35, 32, 31, 29, 28, 25]",21.95,"[6, 8, 9, 11, 12, 14, 17, 22, 23]",16.67,"[37, 35, 32, 31, 29, 28, 25]",21.95,"[6, 8, 9, 11, 12, 14, 17, 22, 23]",14.29,"[37, 35, 32, 31, 29, 28]"
117A,10,30.0,"[2, 7, 8]",0.0,[],30.0,"[2, 7, 8]",0.0,[],30.0,"[2, 7, 8]",0.0,[]
117M,10,19.05,"[6, 8, 12, 13, 15, 18, 23, 24]",16.28,"[38, 36, 32, 31, 29, 28, 25]",21.43,"[6, 8, 9, 12, 13, 15, 18, 23, 24]",16.28,"[38, 36, 32, 31, 29, 28, 25]",21.43,"[6, 8, 9, 12, 13, 15, 18, 23, 24]",13.95,"[38, 36, 32, 31, 29, 28]"
118,10,0.0,[],0.0,[],3.85,[23],0.0,[],3.85,[23],0.0,[]
118A,10,0.0,[],0.0,[],0.0,[],0.0,[],0.0,[],0.0,[]
118B,10,,,,,,,,,,,,
119,10,0.0,[],0.0,[],0.0,[],0.0,[],0.0,[],0.0,[]
12,10,1.43,[43],0.0,[],0.0,[],0.0,[],2.86,"[21, 43]",1.54,[45]
120,10,0.0,[],0.0,[],0.0,[],0.0,[],0.0,[],0.0,[]
121,10,0.0,[],0.0,[],0.0,[],0.0,[],0.0,[],0.0,[]
122,10,2.56,[18],0.0,[],2.56,[18],0.0,[],2.56,[18],0.0,[]
123,10,2.33,[42],0.0,[],0.0,[],0.0,[],2.33,[42],0.0,[]
123M,10,0.0,[],0.0,[],0.0,[],0.0,[],0.0,[],0.0,[]
124,10,,,,,0.0,[],0.0,[],0.0,[],0.0,[]
125,10,2.08,[24],0.0,[],4.17,"[24, 33]",0.0,[],4.17,"[24, 29]",0.0,[]
125A,10,0.0,[],0.0,[],12.5,[8],0.0,[],12.5,[4],0.0,[]
127,10,18.18,"[7, 12, 13, 15]",0.0,[],18.18,"[7, 12, 13, 15]",0.0,[],18.18,"[7, 12, 13, 15]",0.0,[]
127A,10,0.0,[],0.0,[],0.0,[],0.0,[],0.0,[],0.0,[]
129,10,5.13,"[19, 38]",2.44,[5],5.13,"[19, 38]",2.44,[5],2.56,[19],0.0,[]
129B,10,0.0,[],0.0,[],0.0,[],0.0,[],0.0,[],0.0,[]
12e,10,0.0,[],0.0,[],0.0,[],0.0,[],0.0,[],0.0,[]
13,10,0.0,[],0.0,[],0.0,[],0.0,[],0.0,[],0.0,[]
130,10,2.38,[15],0.0,[],0.0,[],0.0,[],0.0,[],0.0,[]
131,10,4.0,"[19, 35]",2.08,[17],4.0,"[19, 35]",2.08,[17],6.0,"[19, 34, 35]",2.08,[17]
131A,10,3.23,[19],0.0,[],3.23,[19],0.0,[],3.23,[19],0.0,[]
132,10,3.57,"[34, 49]",3.7,"[22, 9]",1.79,[49],3.7,"[22, 9]",3.57,"[36, 49]",3.7,"[22, 9]"
133,10,0.0,[],0.0,[],0.0,[],0.0,[],0.0,[],2.38,[10]
134,10,0.0,[],0.0,[],0.0,[],0.0,[],0.0,[],0.0,[]
135,10,2.22,[43],4.26,"[7, 4]",4.44,"[40, 43]",4.26,"[7, 4]",4.44,"[40, 43]",4.26,"[7, 4]"
136,10,0.0,[],0.0,[],0.0,[],0.0,[],0.0,[],0.0,[]
137,10,10.87,"[17, 19, 21, 22, 24]",10.42,"[30, 28, 26, 25, 23]",10.87,"[17, 19, 21, 22, 24]",10.42,"[30, 28, 26, 25, 23]",10.87,"[17, 19, 21, 22, 24]",8.33,"[30, 28, 25, 23]"
138,10,40.68,"[14, 15, 16, 19, 20, 21, 22, 23, 25, 26, 27, 28, 32, 33, 34, 36, 37, 38, 39, 40, 41, 44, 45, 46]",0.0,[],38.98,"[14, 15, 16, 19, 20, 21, 22, 23, 25, 26, 27, 28, 32, 33, 34, 36, 38, 39, 40, 41, 44, 45, 46]",0.0,[],40.68,"[14, 15, 16, 18, 19, 20, 21, 22, 23, 25, 26, 27, 28, 32, 33, 34, 36, 38, 39, 40, 41, 44, 45, 46]",0.0,[]
138A,10,40.0,"[14, 15, 16, 19, 20, 21, 22, 23, 25, 26, 27, 28]",0.0,[],40.0,"[14, 15, 16, 19, 20, 21, 22, 23, 25, 26, 27, 28]",0.0,[],43.33,"[14, 15, 16, 18, 19, 20, 21, 22, 23, 25, 26, 27, 28]",0.0,[]
138B,10,0.0,[],0.0,[],0.0,[],0.0,[],0.0,[],0.0,[]
139,10,2.22,[40],2.44,[7],2.22,[40],2.44,[7],2.22,[40],2.44,[7]
14,10,1.25,[35],0.0,[],0.0,[],0.0,[],1.25,[35],0.0,[]
140,10,4.35,[5],0.0,[],4.35,[5],0.0,[],4.35,[5],0.0,[]
141,10,0.0,[],7.41,"[10, 7]",0.0,[],3.7,[7],0.0,[],3.7,[7]
142,10,0.0,[],0.0,[],0.0,[],0.0,[],0.0,[],0.0,[]
142A,10,0.0,[],0.0,[],0.0,[],0.0,[],0.0,[],0.0,[]
143,10,0.0,[],0.0,[],0.0,[],0.0,[],0.0,[],0.0,[]
143M,10,0.0,[],0.0,[],0.0,[],0.0,[],0.0,[],0.0,[]
145,10,1.82,[32],1.82,[24],1.82,[32],1.82,[24],3.64,"[31, 32]",1.82,[24]
146,10,6.25,[3],0.0,[],6.25,[3],0.0,[],6.25,[3],0.0,[]
147,10,0.0,[],0.0,[],0.0,[],0.0,[],0.0,[],0.0,[]
14A,10,1.96,[35],0.0,[],0.0,[],0.0,[],1.96,[35],0.0,[]
14e,10,,,,,,,,,,,,
15,10,0.0,[],0.0,[],0.0,[],0.0,[],0.0,[],0.0,[]
150,10,0.0,[],0.0,[],0.0,[],0.0,[],0.0,[],0.0,[]
151,10,1.85,[53],1.89,[40],0.0,[],1.89,[40],0.0,[],1.89,[40]
153,10,0.0,[],0.0,[],0.0,[],0.0,[],0.0,[],0.0,[]
154,10,1.49,[17],2.74,"[61, 58]",1.49,[17],2.74,"[61, 58]",1.49,[17],2.74,"[61, 58]"
154A,10,0.0,[],0.0,[],0.0,[],0.0,[],0.0,[],0.0,[]
154B,10,3.12,[17],0.0,[],3.12,[17],0.0,[],3.12,[17],0.0,[]
155,10,0.0,[],1.72,[6],0.0,[],1.72,[6],0.0,[],1.72,[6]
156,10,6.25,"[33, 49, 53, 54]",3.39,"[27, 11]",4.69,"[49, 53, 54]",3.39,"[27, 11]",6.25,"[35, 49, 53, 54]",5.08,"[31, 27, 11]"
157,10,8.62,"[11, 12, 13, 14, 15]",7.14,"[45, 44, 43, 42]",8.62,"[11, 12, 13, 14, 15]",7.14,"[45, 44, 43, 42]",8.62,"[11, 12, 13, 14, 15]",8.93,"[48, 45, 44, 43, 42]"
158,10,13.04,"[3, 5, 31, 32, 35, 40, 41, 66, 68]",0.0,[],13.04,"[3, 5, 31, 32, 35, 40, 41, 66, 68]",0.0,[],13.04,"[3, 5, 31, 32, 35, 40, 41, 66, 68]",0.0,[]
158A,10,18.52,"[10, 11, 13, 17, 18]",0.0,[],18.52,"[10, 11, 13, 17, 18]",0.0,[],18.52,"[10, 11, 13, 17, 18]",0.0,[]
159,10,2.56,[32],2.5,[8],2.56,[32],0.0,[],2.56,[32],0.0,[]
159A,10,0.0,[],0.0,[],0.0,[],0.0,[],0.0,[],0.0,[]
15A,10,0.0,[],0.0,[],0.0,[],0.0,[],0.0,[],0.0,[]
16,10,0.0,[],0.0,[],0.0,[],0.0,[],0.0,[],0.0,[]
160,10,15.0,"[8, 13, 21, 25, 29, 30, 31, 40, 44, 49, 50, 56]",0.0,[],13.75,"[13, 21, 25, 29, 30, 31, 40, 44, 49, 50, 56]",0.0,[],12.5,"[8, 21, 25, 30, 31, 40, 44, 49, 50, 56]",0.0,[]
160A,10,8.33,[8],0.0,[],0.0,[],0.0,[],8.33,[8],0.0,[]
161,10,0.0,[],0.0,[],0.0,[],0.0,[],0.0,[],0.0,[]
162,10,3.51,"[31, 32]",0.0,[],3.51,"[31, 32]",0.0,[],3.51,"[31, 32]",0.0,[]
163,10,0.0,[],0.0,[],0.0,[],0.0,[],1.96,[43],0.0,[]
163A,10,0.0,[],0.0,[],0.0,[],0.0,[],0.0,[],0.0,[]
163B,10,0.0,[],0.0,[],0.0,[],0.0,[],0.0,[],0.0,[]
165,10,10.0,"[33, 34, 35, 36, 37, 48]",8.77,"[25, 24, 23, 22, 11]",10.0,"[33, 34, 35, 36, 37, 48]",8.77,"[25, 24, 23, 22, 11]",10.0,"[33, 34, 35, 36, 37, 48]",8.77,"[25, 24, 23, 22, 11]"
166,10,1.47,[20],0.0,[],0.0,[],0.0,[],0.0,[],0.0,[]
167,10,7.04,"[12, 19, 20, 21, 39]",5.8,"[66, 51, 50, 49]",5.63,"[12, 19, 20, 21]",5.8,"[66, 51, 50, 49]",5.63,"[12, 19, 20, 21]",7.25,"[66, 53, 51, 50, 49]"
169,10,12.73,"[17, 18, 19, 34, 41, 42, 43]",14.55,"[40, 39, 38, 37, 25, 15, 14, 13]",14.55,"[17, 18, 19, 31, 34, 41, 42, 43]",14.55,"[40, 39, 38, 37, 25, 15, 14, 13]",14.55,"[17, 18, 19, 31, 34, 41, 42, 43]",16.36,"[40, 39, 38, 37, 25, 17, 15, 14, 13]"
169A,10,10.71,"[17, 18, 19]",0.0,[],10.71,"[17, 18, 19]",0.0,[],10.71,"[17, 18, 19]",0.0,[]
169B,10,0.0,[],0.0,[],0.0,[],0.0,[],0.0,[],0.0,[]
16M,10,0.0,[],0.0,[],0.0,[],0.0,[],0.0,[],0.0,[]
170,10,12.12,"[45, 49, 53, 54, 55, 58, 59, 60]",7.81,"[20, 14, 13, 8, 6]",13.64,"[36, 45, 49, 53, 54, 55, 58, 59, 60]",7.81,"[20, 14, 13, 8, 6]",9.09,"[45, 49, 54, 55, 58, 60]",7.81,"[20, 14, 13, 8, 6]"
170X,10,50.0,"[2, 3, 4, 8]",25.0,"[5, 1]",50.0,"[2, 3, 4, 8]",25.0,"[5, 1]",37.5,"[2, 4, 8]",25.0,"[5, 1]"
171,10,23.08,"[6, 10, 11, 12, 13, 27, 28, 29, 31]",0.0,[],23.08,"[6, 10, 11, 12, 13, 27, 28, 29, 31]",0.0,[],28.21,"[6, 8, 10, 11, 12, 13, 27, 28, 29, 31, 32]",0.0,[]
172,10,28.12,"[11, 12, 17, 18, 19, 22, 24, 25, 26]",22.58,"[22, 17, 16, 15, 12, 10, 9]",21.88,"[12, 17, 18, 19, 22, 24, 25]",22.58,"[22, 17, 16, 15, 12, 10, 9]",21.88,"[12, 17, 18, 19, 22, 24, 25]",22.58,"[22, 17, 16, 15, 12, 10, 9]"
173,10,0.0,[],0.0,[],0.0,[],0.0,[],0.0,[],0.0,[]
173A,10,0.0,[],0.0,[],0.0,[],0.0,[],0.0,[],0.0,[]
174,10,0.0,[],0.0,[],0.0,[],0.0,[],0.0,[],0.0,[]
175,10,7.27,"[8, 9, 10, 13]",9.68,"[56, 55, 54, 51, 50, 5]",7.27,"[8, 9, 10, 13]",8.06,"[56, 55, 51, 50, 5]",5.45,"[8, 9, 13]",8.06,"[56, 55, 51, 50, 5]"
176,10,6.78,"[41, 42, 43, 46]",8.33,"[19, 18, 17, 14, 13]",6.78,"[41, 42, 43, 46]",8.33,"[53, 19, 18, 14, 13]",5.08,"[41, 42, 46]",6.67,"[19, 18, 14, 13]"
177,10,0.0,[],0.0,[],0.0,[],0.0,[],0.0,[],0.0,[]
178,10,14.29,"[8, 10, 15, 16, 22, 39, 52, 57, 60, 65]",12.5,"[58, 57, 56, 52, 48, 34, 21, 15, 7]",14.29,"[8, 10, 15, 16, 22, 39, 52, 57, 60, 65]",13.89,"[58, 57, 56, 52, 48, 39, 34, 21, 15, 7]",12.86,"[8, 10, 15, 16, 22, 39, 57, 60, 65]",11.11,"[58, 57, 52, 48, 34, 21, 15, 7]"
178A,10,15.38,"[8, 10]",0.0,[],15.38,"[8, 10]",0.0,[],15.38,"[8, 10]",0.0,[]
179,10,,,,,,,,,,,,
179A,10,,,,,,,,,,,,
18,10,0.0,[],0.0,[],0.0,[],0.0,[],0.0,[],0.0,[]
180,10,4.26,"[13, 18]",0.0,[],2.13,[18],0.0,[],2.13,[13],0.0,[]
180A,10,8.0,"[13, 18]",0.0,[],4.0,[18],0.0,[],4.0,[13],0.0,[]
181M,10,0.0,[],0.0,[],0.0,[],0.0,[],0.0,[],0.0,[]
182,10,65.52,"[2, 4, 5, 6, 7, 8, 9, 11, 13, 14, 15, 16, 17, 19, 22, 27, 28, 29, 30, 31, 32, 33, 34, 35, 36, 37, 40, 44, 45, 47, 48, 50, 53, 55, 56, 57, 58, 60]",0.0,[],62.07,"[2, 4, 6, 7, 8, 9, 11, 13, 14, 15, 16, 17, 19, 22, 23, 27, 28, 29, 30, 31, 32, 33, 34, 35, 36, 40, 45, 47, 48, 50, 53, 55, 56, 57, 58, 60]",0.0,[],67.24,"[2, 4, 5, 6, 7, 8, 9, 11, 13, 14, 15, 16, 17, 19, 22, 23, 27, 28, 29, 30, 31, 32, 33, 34, 35, 36, 37, 40, 41, 45, 47, 48, 50, 53, 55, 56, 57, 58, 60]",0.0,[]
182M,10,66.67,"[2, 4, 5, 6, 7, 8, 9, 10, 12, 13, 14, 15, 16, 18, 21, 26, 27, 28, 29, 30, 31, 32, 33, 34, 35, 36, 39, 43, 44, 46, 47, 49, 52, 54, 55, 56, 57, 59]",0.0,[],63.16,"[2, 4, 6, 7, 8, 9, 10, 12, 13, 14, 15, 16, 18, 21, 22, 26, 27, 28, 29, 30, 31, 32, 33, 34, 35, 39, 44, 46, 47, 49, 52, 54, 55, 56, 57, 59]",0.0,[],68.42,"[2, 4, 5, 6, 7, 8, 9, 10, 12, 13, 14, 15, 16, 18, 21, 22, 26, 27, 28, 29, 30, 31, 32, 33, 34, 35, 36, 39, 40, 44, 46, 47, 49, 52, 54, 55, 56, 57, 59]",0.0,[]
183,10,0.0,[],0.0,[],0.0,[],0.0,[],0.0,[],0.0,[]
183B,10,0.0,[],0.0,[],0.0,[],0.0,[],0.0,[],0.0,[]
184,10,0.0,[],0.0,[],1.75,[46],0.0,[],0.0,[],0.0,[]
185,10,2.7,[1],2.7,[38],2.7,[1],2.7,[38],2.7,[1],2.7,[38]
186,10,0.0,[],0.0,[],0.0,[],0.0,[],0.0,[],2.17,[12]
187,10,2.5,[21],0.0,[],2.5,[21],0.0,[],2.5,[21],0.0,[]
188,10,1.75,[14],0.0,[],1.75,[14],0.0,[],1.75,[14],0.0,[]
188e,10,3.57,[13],0.0,[],3.57,[13],0.0,[],3.57,[13],0.0,[]
189,10,0.0,[],0.0,[],,,,,0.0,[],0.0,[]
189A,10,,,,,,,,,,,,
19,10,14.29,"[14, 15, 20, 21, 22, 36, 37, 42]",0.0,[],16.07,"[14, 15, 20, 21, 22, 23, 36, 37, 42]",0.0,[],12.5,"[15, 20, 21, 22, 36, 37, 42]",0.0,[]
190,10,0.0,[],0.0,[],0.0,[],0.0,[],,,,
191,10,35.0,"[7, 8, 9, 10, 12, 13, 14]",0.0,[],25.0,"[7, 9, 10, 12, 14]",0.0,[],25.0,"[7, 9, 10, 12, 14]",0.0,[]
192,10,39.39,"[10, 12, 13, 14, 18, 19, 20, 21, 26, 27, 29, 30, 33]",30.3,"[21, 18, 17, 16, 8, 7, 5, 4, 3, 1]",36.36,"[12, 13, 14, 18, 19, 20, 21, 26, 27, 29, 30, 33]",30.3,"[21, 18, 17, 16, 8, 7, 5, 4, 3, 1]",36.36,"[12, 13, 14, 18, 19, 20, 21, 26, 27, 29, 30, 33]",36.36,"[21, 18, 17, 16, 15, 14, 8, 7, 5, 4, 3, 1]"
193,10,53.49,"[12, 13, 14, 15, 16, 18, 20, 21, 24, 25, 26, 27, 28, 29, 30, 31, 32, 33, 34, 37, 38, 40, 43]",60.47,"[32, 31, 29, 28, 27, 26, 25, 23, 20, 19, 18, 17, 16, 15, 14, 13, 12, 11, 10, 8, 7, 6, 5, 4, 3, 1]",53.49,"[12, 13, 14, 15, 16, 18, 20, 21, 24, 25, 26, 27, 28, 29, 30, 31, 32, 33, 34, 37, 38, 40, 43]",60.47,"[32, 31, 29, 28, 27, 26, 25, 23, 20, 19, 18, 17, 16, 15, 14, 13, 12, 11, 10, 8, 7, 6, 5, 4, 3, 1]",60.47,"[11, 12, 13, 14, 15, 16, 17, 18, 20, 21, 24, 25, 26, 27, 28, 29, 30, 31, 32, 33, 34, 36, 37, 38, 40, 43]",60.47,"[32, 31, 29, 28, 27, 26, 25, 23, 20, 19, 18, 17, 16, 15, 14, 13, 12, 11, 10, 8, 7, 6, 5, 4, 3, 1]"
194,10,37.5,"[9, 10, 11]",0.0,[],37.5,"[9, 10, 11]",0.0,[],37.5,"[9, 10, 11]",0.0,[]
195,10,0.0,[],0.0,[],0.0,[],0.0,[],1.45,[2],0.0,[]
195A,10,0.0,[],0.0,[],0.0,[],0.0,[],1.79,[2],0.0,[]
196,10,2.94,"[20, 60]",0.0,[],1.47,[60],0.0,[],2.94,"[20, 60]",0.0,[]
196A,10,2.94,[20],0.0,[],0.0,[],0.0,[],2.94,[20],0.0,[]
197,10,0.0,[],0.0,[],0.0,[],0.0,[],0.0,[],0.0,[]
198,10,2.27,[16],2.27,[29],2.27,[16],2.27,[29],0.0,[],2.27,[29]
199,10,14.81,"[13, 14, 16, 22]",0.0,[],0.0,[],0.0,[],0.0,[],0.0,[]
2,10,2.9,"[6, 22]",6.45,"[57, 56, 54, 41]",2.9,"[6, 22]",6.45,"[57, 56, 54, 41]",5.8,"[6, 22, 23, 24]",4.84,"[57, 54, 41]"
20,10,6.82,"[15, 23, 30]",0.0,[],9.09,"[15, 23, 29, 30]",0.0,[],6.82,"[15, 29, 30]",0.0,[]
200,10,11.11,"[9, 10, 35, 36, 38]",0.0,[],8.89,"[9, 10, 36, 38]",0.0,[],13.33,"[8, 9, 10, 36, 37, 38]",0.0,[]
200A,10,8.7,"[9, 10]",0.0,[],8.7,"[9, 10]",0.0,[],13.04,"[8, 9, 10]",0.0,[]
201,10,0.0,[],0.0,[],2.63,[15],0.0,[],2.63,[15],0.0,[]
20A,10,9.52,"[8, 16]",0.0,[],9.52,"[8, 16]",0.0,[],4.76,[8],0.0,[]
21,10,1.47,[68],1.49,[5],1.47,[68],1.49,[5],0.0,[],0.0,[]
22,10,0.0,[],0.0,[],0.0,[],0.0,[],0.0,[],0.0,[]
222,10,0.0,[],0.0,[],0.0,[],0.0,[],0.0,[],0.0,[]
222B,10,0.0,[],0.0,[],0.0,[],0.0,[],0.0,[],0.0,[]
229,10,4.17,[14],0.0,[],0.0,[],0.0,[],4.17,[14],0.0,[]
23,10,,,,,,,,,,,,
235,10,0.0,[],0.0,[],0.0,[],0.0,[],0.0,[],0.0,[]
24,10,0.0,[],0.0,[],0.0,[],0.0,[],2.0,"[40, 61]",0.0,[]
240,10,0.0,[],0.0,[],0.0,[],0.0,[],0.0,[],0.0,[]
240M,10,0.0,[],0.0,[],0.0,[],0.0,[],0.0,[],0.0,[]
242,10,0.0,[],0.0,[],6.67,[12],0.0,[],6.67,[12],0.0,[]
246,10,4.44,"[4, 7]",0.0,[],4.44,"[4, 7]",0.0,[],6.67,"[4, 7, 37]",0.0,[]
247,10,76.47,"[1, 3, 4, 5, 6, 8, 10, 11, 12, 13, 14, 15, 16, 19, 20, 21, 22, 23, 24, 25, 26, 27, 28, 29, 30, 32, 33, 35, 37, 38, 39, 40, 41, 43, 44, 46, 47, 49, 51]",0.0,[],78.43,"[1, 3, 4, 5, 6, 8, 10, 11, 12, 13, 14, 15, 16, 19, 20, 21, 22, 23, 24, 25, 26, 27, 28, 29, 30, 32, 33, 35, 37, 38, 39, 40, 41, 43, 44, 46, 47, 48, 49, 51]",0.0,[],78.43,"[1, 3, 4, 5, 6, 8, 10, 11, 12, 13, 14, 15, 16, 19, 20, 21, 22, 23, 24, 25, 26, 27, 28, 29, 30, 32, 33, 35, 37, 38, 39, 40, 41, 43, 44, 46, 47, 48, 49, 51]",0.0,[]
248,10,56.25,"[1, 3, 4, 5, 7, 8, 9, 10, 13, 14, 19, 20, 23, 25, 26, 28, 29, 32]",0.0,[],62.5,"[1, 3, 4, 5, 7, 8, 9, 10, 12, 13, 14, 19, 20, 23, 24, 25, 26, 28, 29, 32]",0.0,[],59.38,"[1, 3, 4, 5, 7, 8, 9, 10, 13, 14, 19, 20, 23, 24, 25, 26, 28, 29, 32]",0.0,[]
248M,10,57.58,"[1, 3, 4, 5, 7, 8, 9, 10, 13, 14, 15, 20, 21, 24, 26, 27, 29, 30, 33]",0.0,[],63.64,"[1, 3, 4, 5, 7, 8, 9, 10, 12, 13, 14, 15, 20, 21, 24, 25, 26, 27, 29, 30, 33]",0.0,[],60.61,"[1, 3, 4, 5, 7, 8, 9, 10, 13, 14, 15, 20, 21, 24, 25, 26, 27, 29, 30, 33]",0.0,[]
249,10,57.89,"[3, 4, 6, 7, 8, 9, 11, 12, 14, 15, 16, 19, 20, 21, 22, 23, 24, 27, 30, 32, 33, 36]",0.0,[],55.26,"[3, 4, 6, 7, 8, 9, 11, 12, 14, 15, 16, 19, 20, 21, 22, 23, 27, 30, 32, 33, 36]",0.0,[],57.89,"[3, 4, 6, 7, 8, 9, 11, 12, 15, 16, 18, 19, 20, 21, 22, 23, 24, 27, 30, 32, 33, 36]",0.0,[]
249A,10,64.71,"[3, 4, 6, 7, 8, 9, 11, 12, 14, 15, 16]",0.0,[],64.71,"[3, 4, 6, 7, 8, 9, 11, 12, 14, 15, 16]",0.0,[],58.82,"[3, 4, 6, 7, 8, 9, 11, 12, 15, 16]",0.0,[]
25,10,0.0,[],0.0,[],0.0,[],0.0,[],0.0,[],0.0,[]
251,10,34.38,"[3, 4, 11, 13, 14, 16, 17, 18, 19, 20, 30]",0.0,[],34.38,"[3, 4, 11, 12, 13, 14, 16, 17, 18, 19, 30]",0.0,[],40.62,"[3, 4, 8, 11, 12, 13, 14, 16, 17, 18, 19, 20, 30]",0.0,[]
252,10,43.24,"[5, 10, 11, 12, 15, 16, 20, 21, 22, 23, 25, 26, 27, 28, 30, 33]",0.0,[],35.14,"[5, 10, 15, 16, 21, 22, 23, 25, 26, 27, 28, 30, 33]",0.0,[],43.24,"[4, 5, 10, 11, 12, 15, 16, 21, 22, 23, 25, 26, 27, 28, 30, 33]",0.0,[]
253,10,62.5,"[2, 3, 4, 5, 8, 9, 10, 11, 14, 15, 16, 17, 18, 21, 22]",0.0,[],54.17,"[2, 4, 5, 7, 8, 9, 10, 11, 14, 16, 17, 18, 21]",0.0,[],62.5,"[2, 3, 4, 5, 7, 8, 9, 10, 11, 14, 15, 16, 17, 18, 21]",0.0,[]
254,10,68.75,"[2, 8, 9, 11, 12, 13, 14, 15, 16, 17, 18, 19, 20, 23, 25, 26, 28, 29, 30, 31, 32, 34]",0.0,[],68.75,"[2, 8, 9, 11, 12, 13, 14, 15, 16, 17, 18, 19, 20, 23, 25, 26, 28, 29, 30, 31, 32, 34]",0.0,[],71.88,"[2, 8, 9, 11, 12, 13, 14, 15, 16, 17, 18, 19, 20, 23, 25, 26, 27, 28, 29, 30, 31, 32, 34]",0.0,[]
255,10,33.33,"[2, 8, 9, 10, 11, 12, 14, 15]",0.0,[],37.5,"[2, 8, 9, 10, 11, 12, 13, 14, 15]",0.0,[],37.5,"[2, 5, 8, 9, 10, 11, 12, 14, 15]",0.0,[]
257,10,74.36,"[2, 3, 4, 5, 6, 8, 9, 10, 11, 12, 14, 15, 16, 18, 19, 20, 21, 22, 23, 24, 26, 27, 28, 29, 31, 34, 35, 36, 37]",0.0,[],71.79,"[2, 3, 4, 5, 6, 8, 9, 10, 11, 12, 14, 15, 16, 18, 19, 20, 21, 22, 23, 24, 26, 27, 28, 29, 31, 34, 36, 37]",0.0,[],69.23,"[2, 3, 4, 5, 6, 8, 9, 10, 11, 12, 14, 15, 16, 18, 19, 20, 21, 22, 23, 24, 26, 28, 29, 31, 34, 36, 37]",0.0,[]
258,10,9.76,"[2, 3, 4, 5]",0.0,[],7.32,"[2, 3, 4]",0.0,[],12.2,"[2, 3, 4, 5, 36]",0.0,[]
26,10,0.0,[],0.0,[],0.0,[],0.0,[],0.0,[],0.0,[]
261,10,,,,,,,,,,,,
262,10,0.0,[],0.0,[],0.0,[],0.0,[],0.0,[],0.0,[]
265,10,0.0,[],0.0,[],4.65,"[1, 43]",0.0,[],4.65,"[1, 43]",0.0,[]
268,10,2.08,[22],0.0,[],4.17,"[1, 49]",0.0,[],8.33,"[1, 22, 28, 49]",0.0,[]
268A,10,4.0,[22],0.0,[],4.0,[1],0.0,[],8.0,"[1, 22]",0.0,[]
268C,10,,,,,,,,,,,,
27,10,0.0,[],0.0,[],0.0,[],0.0,[],,,,
28,10,1.72,[47],0.0,[],1.72,[47],0.0,[],1.72,[47],0.0,[]
282,10,0.0,[],0.0,[],,,,,0.0,[],0.0,[]
285,10,0.0,[],0.0,[],0.0,[],0.0,[],0.0,[],0.0,[]
29,10,31.48,"[17, 19, 20, 22, 23, 24, 25, 26, 28, 29, 30, 31, 32, 33, 35, 44, 45]",0.0,[],31.48,"[17, 19, 20, 22, 23, 24, 25, 26, 28, 29, 30, 31, 32, 33, 35, 44, 45]",0.0,[],29.63,"[17, 20, 22, 23, 24, 25, 26, 28, 29, 30, 31, 32, 33, 35, 44, 45]",0.0,[]
291,10,,,,,,,,,,,,
292,10,0.0,[],0.0,[],0.0,[],0.0,[],0.0,[],0.0,[]
293,10,,,,,,,,,,,,
296,10,10.0,"[7, 14]",0.0,[],10.0,"[7, 14]",0.0,[],10.0,"[7, 14]",0.0,[]
298,10,0.0,[],0.0,[],0.0,[],0.0,[],0.0,[],0.0,[]
2B,10,6.06,"[6, 22]",0.0,[],6.06,"[6, 22]",0.0,[],12.12,"[6, 22, 23, 24]",0.0,[]
3,10,0.0,[],0.0,[],0.0,[],0.0,[],0.0,[],0.0,[]
30,10,2.6,"[24, 66]",1.33,[55],2.6,"[24, 66]",1.33,[55],3.9,"[23, 24, 66]",1.33,[55]
301,10,,,,,,,,,,,,
302,10,0.0,[],0.0,[],4.55,[4],0.0,[],4.55,[4],0.0,[]
307,10,3.12,[11],0.0,[],3.12,[11],0.0,[],3.12,[11],0.0,[]
307A,10,5.56,[11],0.0,[],5.56,[11],0.0,[],5.56,[11],0.0,[]
307T,10,0.0,[],0.0,[],0.0,[],0.0,[],0.0,[],0.0,[]
30e,10,0.0,[],0.0,[],0.0,[],0.0,[],0.0,[],0.0,[]
31,10,0.0,[],0.0,[],0.0,[],0.0,[],0.0,[],0.0,[]
315,10,0.0,[],0.0,[],0.0,[],0.0,[],0.0,[],0.0,[]
317,10,15.62,"[10, 14, 18, 20, 22]",0.0,[],9.38,"[10, 18, 20]",0.0,[],12.5,"[10, 18, 20, 22]",0.0,[]
31A,10,0.0,[],0.0,[],0.0,[],0.0,[],0.0,[],0.0,[]
32,10,5.0,"[7, 10, 56]",1.75,[51],5.0,"[7, 10, 56]",3.51,"[51, 48]",5.0,"[7, 10, 56]",5.26,"[53, 51, 48]"
325,10,0.0,[],0.0,[],0.0,[],0.0,[],0.0,[],0.0,[]
329,10,8.33,"[15, 16]",0.0,[],4.17,[15],0.0,[],4.17,[15],0.0,[]
33,10,3.12,"[8, 59]",0.0,[],3.12,"[8, 59]",0.0,[],3.12,"[8, 59]",0.0,[]
333,10,0.0,[],0.0,[],0.0,[],0.0,[],0.0,[],0.0,[]
335,10,6.45,"[5, 27]",0.0,[],6.45,"[5, 27]",0.0,[],3.23,[5],0.0,[]
33A,10,0.0,[],0.0,[],0.0,[],0.0,[],0.0,[],0.0,[]
33B,10,5.56,[8],0.0,[],5.56,[8],0.0,[],5.56,[8],0.0,[]
34,10,0.0,[],0.0,[],0.0,[],0.0,[],0.0,[],0.0,[]
34A,10,,,,,,,,,,,,
34B,10,0.0,[],0.0,[],0.0,[],0.0,[],0.0,[],0.0,[]
35,10,14.29,"[10, 11, 15, 29, 30]",0.0,[],11.43,"[10, 15, 29, 30]",0.0,[],8.57,"[10, 15, 30]",0.0,[]
354,10,0.0,[],0.0,[],0.0,[],0.0,[],0.0,[],0.0,[]
35M,10,20.0,"[10, 11, 14, 15]",0.0,[],15.0,"[10, 14, 15]",0.0,[],10.0,"[10, 15]",0.0,[]
36,10,1.64,[4],0.0,[],1.64,[4],0.0,[],3.28,"[4, 23]",0.0,[]
36A,10,3.03,[4],0.0,[],3.03,[4],0.0,[],6.06,"[4, 23]",0.0,[]
36B,10,0.0,[],0.0,[],0.0,[],0.0,[],1.96,[19],0.0,[]
37,10,0.0,[],0.0,[],0.0,[],0.0,[],0.0,[],0.0,[]
374,10,5.26,[10],0.0,[],5.26,[10],0.0,[],5.26,[10],0.0,[]
38,10,0.0,[],0.0,[],0.0,[],0.0,[],3.45,[18],3.45,[12]
381,10,0.0,[],0.0,[],0.0,[],0.0,[],0.0,[],0.0,[]
382,10,7.14,[8],7.14,[11],7.14,[8],7.14,[11],7.14,[8],7.14,[11]
382A,10,0.0,[],0.0,[],0.0,[],0.0,[],0.0,[],0.0,[]
382G,10,6.67,[8],0.0,[],6.67,[8],0.0,[],6.67,[8],0.0,[]
382W,10,6.67,[12],0.0,[],6.67,[12],0.0,[],6.67,[12],0.0,[]
384,10,21.43,"[4, 9, 12]",0.0,[],21.43,"[4, 9, 12]",0.0,[],21.43,"[4, 9, 12]",0.0,[]
386,10,5.0,[13],0.0,[],0.0,[],0.0,[],0.0,[],0.0,[]
386A,10,0.0,[],0.0,[],0.0,[],0.0,[],0.0,[],0.0,[]
39,10,4.88,"[1, 34]",7.14,"[42, 8, 6]",4.88,"[1, 34]",7.14,"[42, 8, 6]",4.88,"[1, 34]",7.14,"[42, 8, 6]"
3A,10,0.0,[],0.0,[],0.0,[],0.0,[],0.0,[],0.0,[]
4,10,0.0,[],0.0,[],0.0,[],0.0,[],0.0,[],0.0,[]
40,10,1.61,[58],0.0,[],1.61,[58],0.0,[],1.61,[58],0.0,[]
400,10,42.86,"[7, 8, 9, 10, 11, 12, 15, 18, 19]",0.0,[],42.86,"[7, 8, 9, 10, 11, 12, 15, 18, 19]",0.0,[],47.62,"[7, 8, 9, 10, 11, 12, 15, 16, 18, 19]",0.0,[]
401,10,2.27,[41],0.0,[],2.27,[41],0.0,[],2.27,[41],0.0,[]
403,10,30.43,"[7, 9, 10, 12, 13, 14, 15]",0.0,[],30.43,"[7, 9, 10, 12, 13, 14, 15]",0.0,[],30.43,"[7, 9, 10, 12, 13, 14, 15]",0.0,[]
405,10,31.43,"[7, 8, 10, 19, 20, 23, 24, 26, 28, 29, 30]",0.0,[],28.57,"[7, 8, 10, 19, 20, 23, 24, 26, 28, 29]",0.0,[],28.57,"[7, 8, 10, 19, 20, 23, 24, 26, 28, 29]",0.0,[]
41,10,0.0,[],0.0,[],0.0,[],0.0,[],0.0,[],0.0,[]
410G,10,4.17,[6],0.0,[],4.17,[6],0.0,[],4.17,[6],0.0,[]
410W,10,4.55,[17],0.0,[],4.55,[17],0.0,[],4.55,[17],0.0,[]
42,10,22.73,"[2, 7, 15, 17, 20]",0.0,[],22.73,"[2, 7, 15, 17, 20]",0.0,[],22.73,"[2, 7, 15, 17, 20]",0.0,[]
43,10,,,,,,,,,,,,
43e,10,0.0,[],6.45,"[17, 15]",0.0,[],6.45,"[17, 15]",0.0,[],6.45,"[17, 15]"
45,10,2.17,[43],2.04,[7],4.35,"[43, 48]",4.08,"[7, 1]",4.35,"[43, 48]",4.08,"[7, 1]"
46,10,0.0,[],0.0,[],0.0,[],0.0,[],0.0,[],0.0,[]
47,10,0.0,[],0.0,[],1.96,[48],0.0,[],1.96,[48],0.0,[]
48,10,0.0,[],0.0,[],0.0,[],0.0,[],0.0,[],0.0,[]
49,10,5.88,"[6, 9, 46]",0.0,[],5.88,"[6, 9, 46]",0.0,[],5.88,"[6, 9, 46]",0.0,[]
5,10,1.67,[8],1.69,[53],1.67,[8],1.69,[53],1.67,[8],1.69,[53]
50,10,0.0,[],2.13,[27],0.0,[],2.13,[27],0.0,[],2.13,[27]
502,10,2.56,"[1, 89]",0.0,[],2.56,"[1, 89]",0.0,[],2.56,"[1, 89]",0.0,[]
502A,10,3.12,[1],0.0,[],3.12,[1],0.0,[],3.12,[1],0.0,[]
50A,10,3.12,[20],0.0,[],3.12,[20],0.0,[],3.12,[20],0.0,[]
51,10,0.0,[],0.0,[],0.0,[],0.0,[],0.0,[],0.0,[]
513,10,0.0,[],0.0,[],0.0,[],0.0,[],0.0,[],0.0,[]
518,10,0.0,[],0.0,[],0.0,[],0.0,[],0.0,[],0.0,[]
518A,10,0.0,[],0.0,[],0.0,[],0.0,[],0.0,[],0.0,[]
52,10,4.44,"[19, 20]",2.27,[26],4.44,"[19, 20]",2.27,[26],4.44,"[19, 20]",2.27,[26]
53,10,4.71,"[22, 23, 24, 69]",0.0,[],4.71,"[22, 23, 24, 69]",0.0,[],3.53,"[22, 23, 24]",0.0,[]
53A,10,0.0,[],0.0,[],0.0,[],0.0,[],,,,
54,10,4.55,"[14, 18]",2.44,[28],2.27,[14],2.44,[28],2.27,[14],2.44,[28]
55,10,0.0,[],0.0,[],0.0,[],0.0,[],0.0,[],0.0,[]
55B,10,,,,,,,,,,,,
56,10,0.0,[],0.0,[],0.0,[],0.0,[],0.0,[],3.57,[2]
57,10,2.04,[34],2.04,[19],2.04,[34],2.04,[19],4.08,"[33, 34]",2.04,[19]
58,10,4.26,"[33, 34]",0.0,[],4.26,"[33, 34]",0.0,[],4.26,"[33, 34]",0.0,[]
58A,10,7.41,"[21, 22]",0.0,[],7.41,"[21, 22]",0.0,[],7.41,"[21, 22]",0.0,[]
58B,10,0.0,[],0.0,[],0.0,[],0.0,[],0.0,[],0.0,[]
59,10,4.0,"[46, 47]",2.04,[6],4.0,"[46, 47]",2.04,[6],2.0,[47],2.04,[6]
6,10,6.67,"[12, 19]",0.0,[],6.67,"[12, 19]",0.0,[],3.33,[19],0.0,[]
61,10,2.13,"[25, 34]",2.22,"[68, 62]",2.13,"[25, 34]",2.22,"[68, 62]",2.13,"[25, 34]",2.22,"[68, 62]"
62,10,2.27,"[8, 9]",0.0,[],2.27,"[8, 9]",0.0,[],2.27,"[8, 9]",0.0,[]
62A,10,4.88,"[8, 9]",0.0,[],4.88,"[8, 9]",0.0,[],4.88,"[8, 9]",0.0,[]
63,10,0.0,[],0.0,[],0.0,[],0.0,[],0.0,[],0.0,[]
63A,10,0.0,[],0.0,[],0.0,[],0.0,[],0.0,[],0.0,[]
63M,10,0.0,[],0.0,[],0.0,[],0.0,[],0.0,[],0.0,[]
64,10,1.22,[44],0.0,[],1.22,[44],0.0,[],0.0,[],0.0,[]
65,10,0.0,[],0.0,[],0.0,[],0.0,[],0.0,[],0.0,[]
651,10,0.0,[],0.0,[],0.0,[],0.0,[],0.0,[],0.0,[]
652,10,0.0,[],0.0,[],0.0,[],0.0,[],0.0,[],0.0,[]
653,10,0.0,[],0.0,[],0.0,[],0.0,[],0.0,[],0.0,[]
654,10,0.0,[],0.0,[],0.0,[],0.0,[],0.0,[],0.0,[]
655,10,0.0,[],0.0,[],0.0,[],0.0,[],0.0,[],0.0,[]
656,10,0.0,[],0.0,[],0.0,[],0.0,[],0.0,[],0.0,[]
657,10,0.0,[],0.0,[],0.0,[],0.0,[],0.0,[],0.0,[]
66,10,4.55,"[5, 41]",0.0,[],4.55,"[5, 41]",0.0,[],2.27,[5],0.0,[]
660,10,0.0,[],0.0,[],0.0,[],0.0,[],0.0,[],0.0,[]
661,10,0.0,[],0.0,[],0.0,[],0.0,[],0.0,[],0.0,[]
663,10,0.0,[],4.35,[21],0.0,[],4.35,[21],0.0,[],0.0,[]
665,10,0.0,[],4.35,[12],0.0,[],4.35,[12],0.0,[],4.35,[12]
666,10,0.0,[],0.0,[],0.0,[],0.0,[],0.0,[],0.0,[]
667,10,0.0,[],0.0,[],0.0,[],0.0,[],0.0,[],0.0,[]
668,10,5.26,[9],5.26,[11],5.26,[9],5.26,[11],5.26,[9],5.26,[11]
67,10,0.0,[],0.0,[],0.0,[],1.19,[72],0.0,[],0.0,[]
670,10,0.0,[],0.0,[],0.0,[],0.0,[],0.0,[],0.0,[]
671,10,0.0,[],0.0,[],0.0,[],0.0,[],0.0,[],0.0,[]
672,10,0.0,[],0.0,[],0.0,[],0.0,[],0.0,[],0.0,[]
68,10,4.76,"[15, 30]",0.0,[],4.76,"[15, 30]",0.0,[],4.76,"[15, 30]",0.0,[]
68A,10,14.29,[1],0.0,[],14.29,[1],0.0,[],14.29,[1],0.0,[]
68B,10,14.29,[8],0.0,[],14.29,[8],0.0,[],14.29,[8],0.0,[]
7,10,1.79,[48],1.96,[9],1.79,[48],1.96,[9],1.79,[48],1.96,[9]
70,10,1.82,[15],0.0,[],1.82,[15],0.0,[],1.82,[15],0.0,[]
70A,10,1.92,[15],0.0,[],1.92,[15],0.0,[],1.92,[15],0.0,[]
70B,10,5.56,[6],0.0,[],5.56,[6],0.0,[],5.56,[6],0.0,[]
70M,10,0.95,[15],0.0,[],0.95,[15],0.0,[],1.9,"[15, 53]",0.0,[]
72,10,17.78,"[25, 26, 27, 31, 32, 33, 36, 37]",20.45,"[20, 19, 15, 14, 13, 12, 10, 9, 8]",17.78,"[25, 26, 27, 31, 32, 33, 36, 37]",18.18,"[20, 19, 15, 14, 13, 10, 9, 8]",20.0,"[25, 26, 27, 31, 32, 33, 34, 36, 37]",18.18,"[19, 15, 14, 13, 12, 10, 9, 8]"
72A,10,0.0,[],0.0,[],0.0,[],0.0,[],0.0,[],0.0,[]
72B,10,0.0,[],0.0,[],0.0,[],0.0,[],0.0,[],0.0,[]
73,10,3.57,"[21, 35]",0.0,[],1.79,[21],0.0,[],1.79,[21],0.0,[]
73T,10,3.57,[21],0.0,[],3.57,[21],0.0,[],3.57,[21],0.0,[]
74,10,3.12,"[29, 30]",1.64,[31],3.12,"[29, 30]",1.64,[31],3.12,"[29, 30]",1.64,[31]
75,10,5.26,"[33, 43, 45]",3.7,"[23, 12]",5.26,"[33, 43, 45]",5.56,"[44, 23, 12]",5.26,"[33, 43, 45]",3.7,"[23, 12]"
76,10,0.0,[],0.0,[],0.0,[],0.0,[],0.0,[],0.0,[]
77,10,8.7,"[20, 24, 25, 26]",2.08,[25],8.7,"[20, 24, 25, 26]",2.08,[25],8.7,"[20, 24, 25, 26]",4.17,"[25, 2]"
78,10,10.34,"[17, 18, 36, 38, 40, 41]",0.0,[],12.07,"[15, 17, 18, 19, 38, 40, 41]",0.0,[],12.07,"[15, 17, 18, 19, 38, 40, 41]",0.0,[]
78A,10,0.0,[],0.0,[],6.25,[15],0.0,[],6.25,[15],0.0,[]
79,10,12.28,"[20, 21, 32, 33, 34, 35, 36]",0.0,[],14.04,"[20, 21, 32, 33, 34, 35, 36, 39]",0.0,[],12.28,"[20, 21, 32, 33, 35, 36, 39]",0.0,[]
79T,10,7.14,"[20, 21]",0.0,[],7.14,"[20, 21]",0.0,[],7.14,"[20, 21]",0.0,[]
7B,10,4.0,[9],0.0,[],4.0,[9],0.0,[],4.0,[9],0.0,[]
8,10,0.0,[],0.0,[],0.0,[],0.0,[],0.0,[],0.0,[]
80,10,1.72,[55],1.67,[5],1.72,[55],1.67,[5],3.45,"[54, 55]",1.67,[5]
801,10,14.29,"[6, 7, 10]",0.0,[],14.29,"[6, 7, 10]",0.0,[],4.76,[6],0.0,[]
807,10,,,,,,,,,,,,
807B,10,,,,,,,,,,,,
80A,10,0.0,[],0.0,[],0.0,[],0.0,[],0.0,[],0.0,[]
81,10,5.88,"[25, 45, 46, 47]",0.0,[],5.88,"[25, 45, 46, 47]",0.0,[],4.41,"[45, 46, 47]",0.0,[]
811,10,2.33,[8],0.0,[],2.33,[8],0.0,[],2.33,[8],0.0,[]
811A,10,6.67,[8],0.0,[],6.67,[8],0.0,[],6.67,[8],0.0,[]
811T,10,2.33,[8],0.0,[],2.33,[8],0.0,[],2.33,[8],0.0,[]
812,10,0.0,[],0.0,[],0.0,[],0.0,[],0.0,[],0.0,[]
812T,10,0.0,[],0.0,[],0.0,[],0.0,[],0.0,[],0.0,[]
825,10,33.33,"[4, 5, 7, 9, 10]",0.0,[],33.33,"[4, 5, 6, 7, 10]",0.0,[],40.0,"[4, 5, 6, 7, 9, 10]",0.0,[]
83,10,0.0,[],0.0,[],0.0,[],0.0,[],0.0,[],0.0,[]
83T,10,0.0,[],0.0,[],0.0,[],0.0,[],0.0,[],0.0,[]
84A,10,16.67,[4],0.0,[],16.67,[4],0.0,[],16.67,[4],0.0,[]
84G,10,11.76,"[9, 14]",0.0,[],11.76,"[9, 14]",0.0,[],11.76,"[9, 14]",0.0,[]
84W,10,17.65,"[4, 9, 10]",0.0,[],17.65,"[4, 9, 10]",0.0,[],17.65,"[4, 9, 10]",0.0,[]
85,10,3.33,[24],6.67,"[8, 6]",3.33,[24],6.67,"[8, 6]",3.33,[24],6.67,"[8, 6]"
851,10,7.14,"[6, 10, 23, 27]",3.85,"[43, 30]",5.36,"[6, 10, 23]",3.85,"[43, 30]",5.36,"[6, 10, 23]",3.85,"[43, 30]"
851e,10,0.0,[],0.0,[],0.0,[],0.0,[],0.0,[],0.0,[]
852,10,10.2,"[6, 10, 24, 25, 44]",6.38,"[38, 22, 6]",10.2,"[6, 10, 24, 25, 44]",6.38,"[38, 22, 6]",10.2,"[6, 10, 24, 25, 44]",6.38,"[38, 22, 6]"
853,10,6.98,"[2, 7, 11]",2.27,[34],6.98,"[2, 7, 11]",2.27,[34],6.98,"[2, 7, 11]",2.27,[34]
853M,10,4.23,"[2, 7, 11]",1.35,[64],4.23,"[2, 7, 11]",1.35,[64],4.23,"[2, 7, 11]",1.35,[64]
854,10,5.88,"[6, 10, 21]",1.92,[43],5.88,"[6, 10, 21]",1.92,[43],5.88,"[6, 10, 21]",1.92,[43]
855,10,5.56,"[6, 27, 28]",3.64,"[46, 28]",5.56,"[6, 27, 28]",3.64,"[46, 28]",5.56,"[6, 27, 28]",3.64,"[46, 28]"
856,10,10.81,"[13, 26, 28, 29]",7.69,"[14, 12, 11]",10.81,"[13, 26, 28, 29]",7.69,"[14, 12, 11]",10.81,"[13, 26, 28, 29]",7.69,"[14, 12, 11]"
856B,10,10.0,"[11, 12, 14]",0.0,[],10.0,"[11, 12, 14]",0.0,[],10.0,"[11, 12, 14]",0.0,[]
857,10,4.69,"[6, 10, 55]",0.0,[],4.69,"[6, 10, 55]",0.0,[],6.25,"[6, 10, 33, 55]",0.0,[]
857A,10,13.33,"[6, 10]",0.0,[],13.33,"[6, 10]",0.0,[],13.33,"[6, 10]",0.0,[]
857B,10,6.45,"[6, 10]",0.0,[],6.45,"[6, 10]",0.0,[],6.45,"[6, 10]",0.0,[]
858,10,4.0,"[30, 32, 44]",0.0,[],4.0,"[30, 32, 44]",0.0,[],4.0,"[30, 32, 44]",0.0,[]
858B,10,0.0,[],0.0,[],0.0,[],0.0,[],,,,
859,10,2.0,[34],0.0,[],2.0,[34],0.0,[],2.0,[34],0.0,[]
859A,10,0.0,[],0.0,[],0.0,[],0.0,[],0.0,[],0.0,[]
859T,10,0.0,[],0.0,[],0.0,[],0.0,[],0.0,[],0.0,[]
85A,10,11.11,"[6, 8]",0.0,[],11.11,"[6, 8]",0.0,[],11.11,"[6, 8]",0.0,[]
86,10,0.0,[],0.0,[],0.0,[],0.0,[],0.0,[],0.0,[]
860,10,10.81,"[11, 12, 13, 23, 55, 62, 63, 64]",0.0,[],12.16,"[11, 12, 13, 23, 52, 55, 62, 63, 64]",0.0,[],13.51,"[11, 12, 13, 15, 23, 52, 55, 62, 63, 64]",0.0,[]
860T,10,10.81,"[11, 12, 13, 23]",0.0,[],10.81,"[11, 12, 13, 23]",0.0,[],13.51,"[11, 12, 13, 15, 23]",0.0,[]
861,10,8.93,"[17, 18, 22, 35, 45]",0.0,[],8.93,"[17, 18, 22, 35, 45]",0.0,[],5.36,"[17, 22, 45]",0.0,[]
861A,10,10.34,"[17, 18, 22]",0.0,[],10.34,"[17, 18, 22]",0.0,[],6.9,"[17, 22]",0.0,[]
868E,10,,,,,,,,,,,,
86A,10,0.0,[],0.0,[],0.0,[],0.0,[],0.0,[],0.0,[]
86B,10,0.0,[],0.0,[],0.0,[],0.0,[],0.0,[],0.0,[]
87,10,0.0,[],0.0,[],0.0,[],0.0,[],0.0,[],0.0,[]
870,10,,,,,0.0,[],0.0,[],0.0,[],0.0,[]
871,10,0.0,[],0.0,[],4.26,"[4, 44]",0.0,[],4.26,"[4, 44]",0.0,[]
88,10,0.0,[],0.0,[],0.0,[],0.0,[],0.0,[],0.0,[]
882,10,8.33,"[10, 15]",0.0,[],8.33,"[10, 15]",0.0,[],8.33,"[10, 15]",0.0,[]
882A,10,0.0,[],0.0,[],0.0,[],0.0,[],0.0,[],0.0,[]
88A,10,0.0,[],0.0,[],0.0,[],0.0,[],0.0,[],0.0,[]
88B,10,0.0,[],0.0,[],0.0,[],0.0,[],0.0,[],0.0,[]
89,10,8.42,"[34, 35, 40, 41, 42, 56, 57, 62]",0.0,[],9.47,"[34, 35, 40, 41, 42, 43, 56, 57, 62]",0.0,[],7.37,"[35, 40, 41, 42, 56, 57, 62]",0.0,[]
89A,10,13.51,"[21, 22, 27, 28, 29]",0.0,[],16.22,"[21, 22, 27, 28, 29, 30]",0.0,[],10.81,"[22, 27, 28, 29]",0.0,[]
89e,10,0.0,[],0.0,[],0.0,[],0.0,[],0.0,[],0.0,[]
9,10,9.76,"[27, 28, 33, 34, 35, 49, 50, 55]",0.0,[],10.98,"[27, 28, 33, 34, 35, 36, 49, 50, 55]",0.0,[],8.54,"[28, 33, 34, 35, 49, 50, 55]",0.0,[]
90,10,8.33,"[13, 15, 20]",0.0,[],8.33,"[13, 15, 20]",0.0,[],5.56,"[13, 15]",0.0,[]
900,10,17.39,"[9, 11, 14, 16]",0.0,[],13.04,"[11, 14, 16]",0.0,[],8.7,"[11, 14]",0.0,[]
901,10,6.67,[10],0.0,[],6.67,[10],0.0,[],6.67,[10],0.0,[]
903,10,0.0,[],0.0,[],0.0,[],0.0,[],0.0,[],0.0,[]
903M,10,0.0,[],0.0,[],0.0,[],0.0,[],0.0,[],0.0,[]
904,10,0.0,[],0.0,[],0.0,[],0.0,[],0.0,[],0.0,[]
90A,10,13.04,"[13, 15, 20]",0.0,[],13.04,"[13, 15, 20]",0.0,[],8.7,"[13, 15]",0.0,[]
91,10,21.05,"[9, 11, 13, 14]",0.0,[],26.32,"[9, 11, 12, 13, 14]",0.0,[],26.32,"[9, 11, 12, 13, 14]",0.0,[]
911,10,0.0,[],0.0,[],0.0,[],0.0,[],0.0,[],0.0,[]
912,10,0.0,[],0.0,[],0.0,[],0.0,[],0.0,[],0.0,[]
912A,10,,,,,,,,,,,,
912B,10,,,,,0.0,[],0.0,[],0.0,[],0.0,[]
912M,10,0.0,[],0.0,[],0.0,[],0.0,[],0.0,[],0.0,[]
913M,10,0.0,[],0.0,[],0.0,[],0.0,[],0.0,[],0.0,[]
92,10,8.11,"[7, 9, 28]",0.0,[],10.81,"[7, 9, 28, 33]",0.0,[],8.11,"[7, 9, 28]",0.0,[]
920,10,0.0,[],0.0,[],0.0,[],0.0,[],0.0,[],0.0,[]
922,10,0.0,[],0.0,[],0.0,[],0.0,[],0.0,[],0.0,[]
925,10,30.77,"[9, 10, 14, 21, 23, 26, 27, 29, 30, 32, 33, 35]",33.33,"[32, 31, 27, 20, 19, 18, 17, 14, 12, 11, 9, 8, 4]",33.33,"[9, 10, 14, 21, 23, 25, 26, 27, 29, 30, 32, 33, 35]",35.9,"[32, 31, 27, 20, 18, 17, 15, 14, 12, 11, 10, 9, 8, 4]",28.21,"[9, 10, 14, 21, 26, 27, 29, 30, 32, 33, 35]",35.9,"[32, 31, 27, 20, 18, 17, 15, 14, 12, 11, 10, 9, 8, 4]"
925A,10,16.67,"[9, 10, 14]",0.0,[],16.67,"[9, 10, 14]",0.0,[],16.67,"[9, 10, 14]",0.0,[]
925M,10,15.0,"[9, 10, 14, 27, 31, 32]",0.0,[],15.0,"[9, 10, 14, 27, 31, 32]",0.0,[],15.0,"[9, 10, 14, 27, 31, 32]",0.0,[]
927,10,33.33,"[4, 8, 12, 13, 14, 15, 16, 23, 24, 25, 30]",0.0,[],33.33,"[4, 8, 12, 13, 14, 15, 16, 23, 24, 25, 30]",0.0,[],33.33,"[4, 8, 12, 13, 14, 15, 16, 23, 24, 25, 30]",0.0,[]
92A,10,20.0,"[5, 7]",0.0,[],20.0,"[5, 7]",0.0,[],20.0,"[5, 7]",0.0,[]
93,10,3.64,"[24, 45]",5.56,"[30, 29, 16]",3.64,"[24, 45]",5.56,"[30, 29, 16]",5.45,"[24, 27, 45]",5.56,"[30, 29, 16]"
94,10,7.69,"[9, 14]",0.0,[],7.69,"[9, 14]",0.0,[],3.85,[9],0.0,[]
941,10,0.0,[],0.0,[],0.0,[],0.0,[],0.0,[],0.0,[]
945,10,0.0,[],0.0,[],,,,,,,,
947,10,7.14,[12],0.0,[],7.14,[12],0.0,[],7.14,[12],0.0,[]
94A,10,14.29,"[9, 14]",0.0,[],14.29,"[9, 14]",0.0,[],7.14,[9],0.0,[]
95,10,10.0,"[8, 23, 29]",0.0,[],6.67,"[8, 23]",0.0,[],6.67,"[8, 23]",0.0,[]
950,10,5.26,[12],0.0,[],5.26,[12],0.0,[],5.26,[12],0.0,[]
95B,10,8.33,[8],0.0,[],8.33,[8],0.0,[],8.33,[8],0.0,[]
96,10,0.0,[],0.0,[],0.0,[],0.0,[],0.0,[],0.0,[]
960,10,6.52,"[9, 10, 16]",10.87,"[40, 39, 38, 34, 30]",6.52,"[9, 10, 16]",10.87,"[40, 39, 38, 34, 30]",6.52,"[9, 10, 16]",10.87,"[40, 39, 34, 30, 2]"
960e,10,0.0,[],0.0,[],0.0,[],0.0,[],0.0,[],4.35,[2]
961,10,3.53,"[9, 10, 16]",5.49,"[86, 85, 84, 80, 76]",3.53,"[9, 10, 16]",6.59,"[86, 85, 84, 80, 76, 67]",3.53,"[9, 10, 16]",4.4,"[86, 85, 80, 76]"
961M,10,3.37,"[9, 10, 16]",5.26,"[87, 86, 85, 81, 77]",3.37,"[9, 10, 16]",6.32,"[87, 86, 85, 81, 77, 68]",4.49,"[9, 10, 16, 76]",5.26,"[87, 86, 81, 77, 16]"
962,10,0.0,[],0.0,[],2.17,[22],0.0,[],0.0,[],0.0,[]
962B,10,0.0,[],0.0,[],8.33,[5],0.0,[],0.0,[],0.0,[]
963,10,0.0,[],0.0,[],0.0,[],2.04,[33],0.0,[],0.0,[]
963e,10,,,,,,,,,,,,
964,10,0.0,[],0.0,[],0.0,[],0.0,[],0.0,[],0.0,[]
965,10,5.66,"[20, 22, 32]",0.0,[],5.66,"[20, 22, 32]",0.0,[],5.66,"[20, 22, 32]",0.0,[]
965T,10,7.41,"[20, 22]",0.0,[],7.41,"[20, 22]",0.0,[],7.41,"[20, 22]",0.0,[]
966,10,,,,,0.0,[],0.0,[],0.0,[],0.0,[]
966A,10,,,,,0.0,[],0.0,[],0.0,[],0.0,[]
969,10,6.9,"[20, 22]",3.45,[8],6.9,"[20, 22]",3.45,[8],6.9,"[20, 22]",3.45,[8]
969A,10,6.67,[8],0.0,[],6.67,[8],0.0,[],6.67,[8],0.0,[]
96A,10,0.0,[],0.0,[],0.0,[],0.0,[],0.0,[],0.0,[]
96B,10,0.0,[],0.0,[],0.0,[],0.0,[],0.0,[],0.0,[]
97,10,2.63,[26],2.44,[16],2.63,[26],2.44,[16],2.63,[26],7.32,"[16, 15, 2]"
970,10,7.58,"[3, 31, 35, 36, 37]",3.08,"[64, 31]",7.58,"[3, 31, 35, 36, 37]",4.62,"[64, 56, 31]",7.58,"[3, 31, 35, 36, 37]",3.08,"[64, 31]"
972,10,0.0,[],0.0,[],0.0,[],0.0,[],0.0,[],0.0,[]
972M,10,0.0,[],0.0,[],0.0,[],0.0,[],0.0,[],0.0,[]
973,10,6.9,"[10, 19]",0.0,[],6.9,"[10, 19]",0.0,[],6.9,"[10, 19]",0.0,[]
974,10,4.0,"[37, 52]",0.0,[],2.0,[37],0.0,[],0.0,[],0.0,[]
974A,10,0.0,[],0.0,[],0.0,[],0.0,[],0.0,[],0.0,[]
975,10,48.91,"[15, 16, 21, 22, 23, 25, 26, 27, 28, 29, 30, 31, 32, 35, 37, 38, 39, 40, 42, 43, 44, 45, 46, 47, 48, 49, 50, 51, 52, 54, 55, 56, 57, 59, 63, 64, 65, 66, 67, 68, 69, 71, 72, 73, 78]",0.0,[],43.48,"[16, 21, 22, 23, 25, 26, 27, 28, 29, 30, 31, 35, 37, 38, 39, 40, 43, 45, 46, 47, 48, 49, 50, 51, 54, 55, 56, 57, 59, 63, 64, 65, 66, 67, 68, 69, 71, 72, 73, 78]",0.0,[],43.48,"[16, 21, 22, 23, 25, 26, 27, 28, 29, 30, 31, 32, 35, 37, 38, 39, 40, 43, 44, 45, 46, 47, 48, 49, 51, 54, 55, 56, 57, 59, 63, 64, 66, 67, 68, 69, 71, 72, 73, 78]",0.0,[]
975A,10,0.0,[],0.0,[],0.0,[],0.0,[],0.0,[],0.0,[]
975B,10,54.55,"[8, 9, 14, 15, 16, 18, 19, 20, 21, 22, 23, 24, 25, 28, 30, 31, 32, 33]",0.0,[],48.48,"[9, 14, 15, 16, 18, 19, 20, 21, 22, 23, 24, 28, 30, 31, 32, 33]",0.0,[],51.52,"[9, 14, 15, 16, 18, 19, 20, 21, 22, 23, 24, 25, 28, 30, 31, 32, 33]",0.0,[]
975C,10,51.06,"[15, 16, 21, 22, 23, 25, 26, 27, 28, 29, 30, 31, 32, 35, 37, 38, 39, 40, 42, 43, 44, 45, 46, 47]",0.0,[],42.55,"[16, 21, 22, 23, 25, 26, 27, 28, 29, 30, 31, 35, 37, 38, 39, 40, 43, 45, 46, 47]",0.0,[],46.81,"[16, 21, 22, 23, 25, 26, 27, 28, 29, 30, 31, 32, 35, 37, 38, 39, 40, 43, 44, 45, 46, 47]",0.0,[]
976,10,8.33,"[18, 19]",4.0,[6],4.17,[19],4.0,[6],8.33,"[18, 19]",4.0,[6]
979,10,2.78,[6],0.0,[],2.78,[6],0.0,[],2.78,[6],0.0,[]
97e,10,0.0,[],0.0,[],0.0,[],0.0,[],0.0,[],3.7,[2]
98,10,7.25,"[32, 33, 34, 36, 38]",0.0,[],8.7,"[25, 32, 33, 34, 36, 38]",0.0,[],8.7,"[25, 32, 33, 34, 36, 38]",0.0,[]
980,10,7.81,"[16, 23, 24, 25, 43]",4.92,"[39, 38, 37]",6.25,"[16, 23, 24, 25]",4.92,"[39, 38, 37]",6.25,"[16, 23, 24, 25]",6.56,"[41, 39, 38, 37]"
981,10,4.76,[6],0.0,[],4.76,[6],0.0,[],4.76,[6],0.0,[]
982E,10,0.0,[],0.0,[],0.0,[],0.0,[],0.0,[],0.0,[]
985,10,2.5,[16],0.0,[],2.5,[16],0.0,[],2.5,[16],0.0,[]
98B,10,11.11,"[24, 25, 26]",0.0,[],14.81,"[17, 24, 25, 26]",0.0,[],14.81,"[17, 24, 25, 26]",0.0,[]
98M,10,,,,,,,,,,,,
99,10,2.17,[44],0.0,[],0.0,[],4.44,"[25, 18]",0.0,[],2.22,[18]
990,10,0.0,[],0.0,[],0.0,[],0.0,[],0.0,[],0.0,[]
991,10,3.85,[16],0.0,[],3.85,[16],0.0,[],3.85,[16],0.0,[]
991C,10,,,,,0.0,[],0.0,[],0.0,[],0.0,[]
992,10,0.0,[],0.0,[],7.14,[11],6.67,[4],7.14,[11],6.67,[4]
993,10,0.0,[],0.0,[],0.0,[],0.0,[],0.0,[],0.0,[]
9A,10,,,,,,,,,,,,
9B,10,17.24,"[15, 16, 21, 22, 23]",0.0,[],20.69,"[15, 16, 21, 22, 23, 24]",0.0,[],13.79,"[16, 21, 22, 23]",0.0,[]
